<?xml version="1.0" encoding="UTF-8"?>
<beans:beans xmlns="http://www.springframework.org/schema/security"
	xmlns:beans="http://www.springframework.org/schema/beans" 
	xmlns:xsi="http://www.w3.org/2001/XMLSchema-instance"
	xsi:schemaLocation="http://www.springframework.org/schema/beans
	http://www.springframework.org/schema/beans/spring-beans-3.1.xsd
	http://www.springframework.org/schema/security
	http://www.springframework.org/schema/security/spring-security-3.1.xsd">
	
	<beans:import resource="dispatcher-servlet.xml"/>
<http auto-config="true">
<intercept-url pattern="/login" access="IS_AUTHENTICATED_ANONYMOUSLY"/>
<intercept-url pattern="/loginfailure" access="IS_AUTHENTICATED_ANONYMOUSLY"/>
<intercept-url pattern="/defaultpage" access="ROLE_MAKER"/>
<intercept-url pattern="/*" access="ROLE_MAKER,ROLE_CHECKER"/>
<intercept-url pattern="/Logout" access="IS_AUTHENTICATED_ANONYMOUSLY"/>
<logout logout-success-url="/Logout"/>
<access-denied-handler error-page="/accdenied"/>
<form-login login-page="/login" authentication-failure-url="/loginfailure" default-target-url="/defaultpage" always-use-default-target="true"/>	
</http>
<beans:bean id="pwdEncoder" class="org.springframework.security.crypto.bcrypt.BCryptPasswordEncoder"></beans:bean>
<authentication-manager>
<authentication-provider>
<password-encoder ref="pwdEncoder"></password-encoder>
<jdbc-user-service data-source-ref="ds" users-by-username-query="select username,password,enabled from user123456 where username=?" authorities-by-username-query="select username,authority from role123456 where username=?"/>

<!-- <user-service>
<user name="user1" password="$2a$10$1lfhnyIZQ0ztCswLITxUKehhl9oxn6Bo90OtbRAA.7sojDVtE5RbW" authorities="ROLE_MAKER"/>
<user name="user2" password="user2" authorities="ROLE_CHECKER"/>
</user-service> -->
</authentication-provider>
</authentication-manager>
</beans:beans>
