<?xml version="1.0" encoding="UTF-8"?>
<beans xmlns="http://www.springframework.org/schema/beans"  
    xmlns:xsi="http://www.w3.org/2001/XMLSchema-instance" 
    xmlns:context="http://www.springframework.org/schema/context"  
    xmlns:tx="http://www.springframework.org/schema/tx" 
    xmlns:mvc="http://www.springframework.org/schema/mvc" 
    xsi:schemaLocation="http://www.springframework.org/schema/mvc     
    http://www.springframework.org/schema/mvc/spring-mvc-3.0.xsd  
http://www.springframework.org/schema/beans  
http://www.springframework.org/schema/beans/spring-beans-3.0.xsd  
http://www.springframework.org/schema/context  
http://www.springframework.org/schema/context/spring-context-3.0.xsd  
http://www.springframework.org/schema/tx  
http://www.springframework.org/schema/tx/spring-tx-3.0.xsd"> 
    
    <context:component-scan base-package="com.nucleus"/>
    
     <mvc:annotation-driven/>
    
    <bean class="org.springframework.web.servlet.view.InternalResourceViewResolver">
    <property name="prefix" value="/WEB-INF/view/"/>
    <property name="suffix" value=".jsp"/>
    </bean>
    
     <bean class="org.springframework.beans.factory.config.PropertyPlaceholderConfigurer">
    <property name="location" value="/WEB-INF/connection.details/condetails.properties/"/>
    </bean>
    
    <bean id="ds" class="org.springframework.jdbc.datasource.DriverManagerDataSource">
    <property name="username" value="${username}"/>
    <property name="password" value="${password}"/>
    <property name="url" value="${uname}"/>
    <property name="driverClassName" value="${url}"/>
    </bean>
    
    <!-- <bean id="ds" class="org.springframework.jdbc.datasource.DriverManagerDataSource">
    <property name="username" value="sh"/>
    <property name="password" value="sh"/>
    <property name="url" value="jdbc:oracle:thin:@10.1.50.198:1521:orcl"/>
    <property name="driverClassName" value="oracle.jdbc.driver.OracleDriver"/>
    </bean> -->
    
    <bean id="jdbcTemplate" class="org.springframework.jdbc.core.JdbcTemplate">
    <property name ="dataSource" ref="ds"/>
    </bean>
   
   <bean id="messageSource" class="org.springframework.context.support.ReloadableResourceBundleMessageSource">
	<property name="basenames">
	<list>
	<value>/WEB-INF/messages/errormsg</value>
	<value>/WEB-INF/messages/formlabels</value>
	</list>
	</property>	
	</bean>
	
	<!-- Hibernate -->    
<bean id="sessionFactory"
        class="org.springframework.orm.hibernate4.LocalSessionFactoryBean">
        <property name="dataSource" ref="ds" />
        <property name="annotatedClasses">
            <list>
                <value>com.nucleus.domain.Customer</value> 
                <!-- <value>com.nucleus.domain.User</value>  
                <value>com.nucleus.domain.Role</value>    -->           
            </list>
        </property>
        <property name="hibernateProperties">
            <props>
                <prop key="hibernate.dialect">org.hibernate.dialect.Oracle10gDialect</prop>              
                <prop key="hibernate.show_sql">true</prop>        
                  <prop key="hibernate.hbm2ddl.auto">update</prop>            
                   
            </props>
        </property>
    </bean>
    <bean id="transactionManager" class="org.springframework.orm.hibernate4.HibernateTransactionManager">
    <property name="sessionFactory" ref="sessionFactory"/> 
</bean>
 
 <tx:annotation-driven transaction-manager="transactionManager"/>
    </beans>
    
   