<?xml version="1.0" encoding="UTF-8"?>
<beans:beans xmlns="http://www.springframework.org/schema/security"
	xmlns:beans="http://www.springframework.org/schema/beans" 
	xmlns:xsi="http://www.w3.org/2001/XMLSchema-instance"
	xsi:schemaLocation="http://www.springframework.org/schema/beans
	http://www.springframework.org/schema/beans/spring-beans-3.1.xsd
	http://www.springframework.org/schema/security
	http://www.springframework.org/schema/security/spring-security-3.1.xsd">	

	<beans:import resource="dispatcher-servlet.xml"/>
	
	<http auto-config="true">
	<intercept-url pattern="/login" access="IS_AUTHENTICATED_ANONYMOUSLY"/>
	<intercept-url pattern="/loginfailure" access="IS_AUTHENTICATED_ANONYMOUSLY"/>
	<intercept-url pattern="/logout" access="IS_AUTHENTICATED_ANONYMOUSLY"/>
	<logout logout-success-url="/logout"/>
	<intercept-url pattern="/*" access="ROLE_USER,ROLE_ADMIN"/>
	<access-denied-handler error-page="/accdenied"/>
	
	<form-login login-page="/login" authentication-failure-url="/loginfailure" default-target-url="/defaultpage" always-use-default-target="true"/>	
	</http>
	
	<beans:bean id="pwdEncoder" class="org.springframework.security.crypto.bcrypt.BCryptPasswordEncoder"/>
	
	<authentication-manager>
	<authentication-provider>
	<password-encoder ref="pwdEncoder"/>
	<jdbc-user-service data-source-ref="ds" 
	 users-by-username-query="select username,password,enabled from userps where username=?"
	 authorities-by-username-query="select username,authority from roleps where username=?"/>
	<!-- <user-service>
	<user name="pranjali" password="$2a$10$sl3cQBvQhjp5Uc0bS4D5J.l5HfXnSlv6ykBkTrKb5r5o/QkNTuCYO(abc)" authorities="ROLE_MAKER" />
	<user name="tina" password="$2a$10$TVgx4WJ9DED/4QbwClQhCeM7NDIDOLLGQ/5z3Gq572Qc/wruurSgu(xyz)" authorities="ROLE_CHECKER"/>
	</user-service> -->
	</authentication-provider>
	</authentication-manager>



</beans:beans>
